ID,Form_ID,Cognateset_ID,Segment_Slice,Alignment,Source
725,725,663,,,
1169,1169,663,,,
1595,1595,663,,,
1853,1853,663,,,
3076,3076,663,,,
3297,3297,663,,,
4395,4395,663,,,
4592,4592,663,,,
5101,5101,663,,,
5614,5614,663,,,
720,720,1257,,,
1849,1849,1,,,
4391,4391,1380,,,
5097,5097,1380,,,
5609,5609,1034,,,
728,728,2,,,
1172,1172,1381,,,
1173,1173,2,,,
1598,1598,2,,,
1856,1856,2,,,
3079,3079,2,,,
3300,3300,2,,,
4398,4398,1381,,,
4595,4595,2,,,
5104,5104,1381,,,
5617,5617,2,,,
729,729,3,,,
1174,1174,3,,,
1599,1599,3,,,
1857,1857,3,,,
3080,3080,3,,,
3301,3301,3,,,
4399,4399,3,,,
4596,4596,3,,,
5105,5105,3,,,
5618,5618,3,,,
753,753,4,,,
1198,1198,4,,,
1199,1199,4,,,
1622,1622,4,,,
1877,1877,4,,,
3103,3103,4,,,
3324,3324,1460,,,
3325,3325,4,,,
4421,4421,4,,,
4609,4609,1460,,,
4610,4610,4,,,
5131,5131,4,,,
5132,5132,4,,,
5641,5641,4,,,
724,724,945,,,
1168,1168,945,,,
1594,1594,945,,,
1852,1852,945,,,
3075,3075,945,,,
3296,3296,945,,,
4394,4394,945,,,
4591,4591,945,,,
5100,5100,945,,,
5613,5613,945,,,
732,732,335,,,
1177,1177,373,,,
1178,1178,335,,,
1602,1602,335,,,
1860,1860,335,,,
3083,3083,335,,,
3304,3304,335,,,
4402,4402,373,,,
4599,4599,335,,,
5109,5109,335,,,
5621,5621,335,,,
719,719,518,,,
1163,1163,186,,,
1164,1164,518,,,
1591,1591,518,,,
1848,1848,518,,,
3073,3073,518,,,
3292,3292,518,,,
4390,4390,518,,,
4589,4589,518,,,
5096,5096,186,,,
5608,5608,186,,,
718,718,519,,,
1161,1161,187,,,
1162,1162,519,,,
1589,1589,396,,,
1590,1590,519,,,
1847,1847,519,,,
3072,3072,519,,,
4388,4388,519,,,
4389,4389,187,,,
4588,4588,519,,,
5095,5095,187,,,
5607,5607,187,,,
726,726,6,,,
1170,1170,6,,,
1596,1596,6,,,
1854,1854,6,,,
3077,3077,6,,,
3298,3298,6,,,
4396,4396,6,,,
4593,4593,6,,,
5102,5102,6,,,
5615,5615,6,,,
727,727,7,,,
1171,1171,7,,,
1597,1597,7,,,
1855,1855,7,,,
3078,3078,7,,,
3299,3299,7,,,
4397,4397,7,,,
4594,4594,604,,,
5103,5103,7,,,
5616,5616,7,,,
722,722,691,,,
723,723,946,,,
1167,1167,946,,,
1592,1592,691,,,
1593,1593,946,,,
1851,1851,946,,,
3074,3074,690,,,
3294,3294,946,,,
3295,3295,946,,,
4393,4393,946,,,
4590,4590,946,,,
5099,5099,946,,,
5611,5611,1461,,,
5612,5612,946,,,
730,730,8,,,
1175,1175,8,,,
1600,1600,8,,,
1858,1858,8,,,
3081,3081,8,,,
3302,3302,8,,,
4400,4400,8,,,
4597,4597,8,,,
5106,5106,8,,,
5619,5619,8,,,
721,721,666,,,
1165,1165,646,,,
1166,1166,805,,,
1850,1850,805,,,
3293,3293,805,,,
4392,4392,646,,,
5098,5098,646,,,
5610,5610,947,,,
731,731,9,,,
1176,1176,806,,,
1601,1601,9,,,
1859,1859,9,,,
3082,3082,9,,,
3303,3303,9,,,
4401,4401,806,,,
4598,4598,9,,,
5107,5107,9,,,
5108,5108,806,,,
5620,5620,9,,,
761,761,1382,,,
1206,1206,1382,,,
1630,1630,1382,,,
1883,1883,1382,,,
3332,3332,1382,,,
4424,4424,1382,,,
4617,4617,1382,,,
5139,5139,1382,,,
5650,5650,1382,,,
739,739,293,,,
1184,1184,293,,,
1612,1612,410,,,
1865,1865,469,,,
3090,3090,293,,,
3311,3311,715,,,
4407,4407,293,,,
4601,4601,293,,,
5116,5116,293,,,
5627,5627,1075,,,
737,737,1276,,,
738,738,520,,,
1183,1183,1313,,,
1608,1608,409,,,
1609,1609,603,,,
1610,1610,520,,,
1611,1611,1313,,,
1864,1864,1313,,,
3089,3089,520,,,
3310,3310,520,,,
4406,4406,1313,,,
5115,5115,1313,,,
5626,5626,520,,,
793,793,1183,,,
1238,1238,1183,,,
1670,1670,1183,,,
1921,1921,10,,,
1922,1922,1183,,,
3137,3137,1183,,,
3382,3382,1183,,,
4453,4453,1183,,,
4652,4652,1183,,,
5174,5174,1183,,,
5682,5682,1183,,,
763,763,948,,,
764,764,11,,,
1208,1208,11,,,
1633,1633,11,,,
1885,1885,11,,,
3110,3110,11,,,
3335,3335,11,,,
4426,4426,11,,,
4619,4619,948,,,
4620,4620,11,,,
5141,5141,11,,,
5653,5653,11,,,
5654,5654,1039,,,
931,931,188,,,
1382,1382,188,,,
1829,1829,188,,,
2095,2095,188,,,
3277,3277,188,,,
3569,3569,188,,,
4576,4576,188,,,
4835,4835,188,,,
5340,5340,188,,,
5828,5828,188,,,
773,773,1384,,,
1217,1217,1384,,,
1642,1642,1384,,,
1896,1896,1384,,,
3117,3117,1384,,,
3347,3347,703,,,
3348,3348,1384,,,
4434,4434,1384,,,
4628,4628,1384,,,
5152,5152,981,,,
5153,5153,1384,,,
5662,5662,1384,,,
930,930,1433,,,
1381,1381,521,,,
1827,1827,1385,,,
1828,1828,521,,,
2092,2092,521,,,
2093,2093,1385,,,
2094,2094,1314,,,
3276,3276,1385,,,
3568,3568,521,,,
4575,4575,521,,,
4831,4831,13,,,
4832,4832,1385,,,
4833,4833,521,,,
4834,4834,1314,,,
5339,5339,521,,,
5827,5827,521,,,
760,760,1315,,,
1205,1205,1315,,,
1629,1629,1315,,,
1882,1882,1315,,,
3108,3108,1315,,,
3331,3331,1315,,,
4423,4423,1315,,,
4616,4616,1315,,,
5138,5138,1315,,,
5649,5649,1315,,,
786,786,189,,,
1230,1230,238,,,
1659,1659,189,,,
1660,1660,238,,,
1910,1910,483,,,
1911,1911,189,,,
3129,3129,189,,,
3367,3367,693,,,
3368,3368,189,,,
4446,4446,238,,,
4641,4641,189,,,
5167,5167,238,,,
5674,5674,189,,,
847,847,14,,,
1291,1291,14,,,
1727,1727,14,,,
1987,1987,14,,,
3188,3188,702,,,
3445,3445,14,,,
4495,4495,14,,,
4717,4717,14,,,
5231,5231,14,,,
5736,5736,14,,,
792,792,1305,,,
1237,1237,949,,,
1668,1668,949,,,
1919,1919,949,,,
1920,1920,1209,,,
3136,3136,1209,,,
3380,3380,1084,,,
4452,4452,949,,,
4649,4649,1084,,,
4650,4650,1209,,,
4651,4651,949,,,
5173,5173,949,,,
5681,5681,949,,,
921,921,807,,,
1372,1372,807,,,
1817,1817,807,,,
2082,2082,807,,,
3267,3267,943,,,
3558,3558,807,,,
4566,4566,807,,,
4821,4821,807,,,
5326,5326,807,,,
5818,5818,807,,,
929,929,987,,,
1380,1380,987,,,
1826,1826,987,,,
2091,2091,987,,,
3275,3275,987,,,
3567,3567,987,,,
4574,4574,987,,,
4830,4830,987,,,
5338,5338,987,,,
5826,5826,987,,,
830,830,522,,,
1273,1273,522,,,
1710,1710,522,,,
1967,1967,15,,,
3170,3170,15,,,
3424,3424,15,,,
4481,4481,522,,,
4700,4700,15,,,
5212,5212,522,,,
5720,5720,15,,,
926,926,16,,,
1377,1377,1085,,,
1823,1823,16,,,
2087,2087,559,,,
3272,3272,16,,,
3563,3563,742,,,
3564,3564,16,,,
4571,4571,1210,,,
4827,4827,1210,,,
5333,5333,1210,,,
5334,5334,1085,,,
5823,5823,16,,,
888,888,1086,,,
1336,1336,1086,,,
1780,1780,449,,,
2042,2042,552,,,
3231,3231,1086,,,
3513,3513,1086,,,
4533,4533,1086,,,
4776,4776,1086,,,
4777,4777,1086,,,
5285,5285,999,,,
5286,5286,1086,,,
5781,5781,1058,,,
809,809,239,,,
1254,1254,278,,,
1690,1690,668,,,
1691,1691,337,,,
1945,1945,239,,,
3153,3153,917,,,
3402,3402,239,,,
4467,4467,886,,,
4676,4676,295,,,
4677,4677,239,,,
5192,5192,986,,,
5700,5700,239,,,
800,800,17,,,
1245,1245,1386,,,
1678,1678,1386,,,
1934,1934,17,,,
1935,1935,1316,,,
3145,3145,17,,,
3392,3392,17,,,
3393,3393,1316,,,
3394,3394,17,,,
4460,4460,1278,,,
4660,4660,1386,,,
4661,4661,1316,,,
4662,4662,17,,,
5182,5182,1386,,,
5690,5690,1316,,,
772,772,1387,,,
1215,1215,782,,,
1216,1216,1317,,,
1641,1641,1387,,,
1894,1894,118,,,
1895,1895,1387,,,
3116,3116,1317,,,
3345,3345,835,,,
3346,3346,717,,,
4433,4433,118,,,
4627,4627,1387,,,
5149,5149,118,,,
5150,5150,782,,,
5151,5151,1371,,,
5661,5661,1040,,,
769,769,1211,,,
770,770,18,,,
1213,1213,18,,,
1639,1639,1211,,,
1891,1891,18,,,
1892,1892,18,,,
3114,3114,18,,,
3342,3342,633,,,
3343,3343,18,,,
4431,4431,1318,,,
4624,4624,18,,,
5146,5146,1318,,,
5147,5147,18,,,
5659,5659,1211,,,
934,934,1212,,,
1386,1386,1388,,,
1835,1835,1462,,,
1836,1836,1319,,,
2099,2099,562,,,
3280,3280,1319,,,
3281,3281,1212,,,
3572,3572,1319,,,
3573,3573,1212,,,
4578,4578,1388,,,
4838,4838,1319,,,
5343,5343,1388,,,
5832,5832,1388,,,
848,848,1213,,,
1292,1292,1213,,,
1728,1728,437,,,
1729,1729,1213,,,
1988,1988,1213,,,
3189,3189,1213,,,
3446,3446,729,,,
3447,3447,1213,,,
4496,4496,1213,,,
4718,4718,1213,,,
5232,5232,1213,,,
5737,5737,1213,,,
799,799,296,,,
1244,1244,296,,,
1677,1677,240,,,
1933,1933,296,,,
3144,3144,190,,,
3390,3390,296,,,
3391,3391,240,,,
4459,4459,296,,,
4659,4659,296,,,
5181,5181,296,,,
5689,5689,296,,,
862,862,454,,,
1306,1306,191,,,
1747,1747,783,,,
2006,2006,542,,,
3205,3205,783,,,
3472,3472,454,,,
3473,3473,120,,,
4509,4509,899,,,
4737,4737,120,,,
5251,5251,191,,,
5252,5252,120,,,
5753,5753,120,,,
933,933,21,,,
1384,1384,21,,,
1385,1385,1458,,,
1831,1831,21,,,
1832,1832,21,,,
1833,1833,466,,,
2097,2097,21,,,
2098,2098,21,,,
3279,3279,21,,,
3571,3571,1458,,,
4837,4837,21,,,
5342,5342,1458,,,
5830,5830,1458,,,
5831,5831,21,,,
901,901,22,,,
1350,1350,22,,,
1795,1795,22,,,
2058,2058,22,,,
3245,3245,22,,,
3532,3532,475,,,
4547,4547,22,,,
4792,4792,22,,,
5303,5303,22,,,
5795,5795,1059,,,
822,822,121,,,
823,823,192,,,
824,824,737,,,
1267,1267,192,,,
1703,1703,737,,,
1704,1704,192,,,
1960,1960,192,,,
3164,3164,121,,,
3418,3418,192,,,
4477,4477,192,,,
4694,4694,192,,,
5206,5206,192,,,
5713,5713,192,,,
5714,5714,1044,,,
845,845,950,,,
846,846,1356,,,
1290,1290,1435,,,
1725,1725,1088,,,
1726,1726,1214,,,
1986,1986,1088,,,
3187,3187,701,,,
3444,3444,1088,,,
4494,4494,1435,,,
4716,4716,1214,,,
5230,5230,950,,,
5735,5735,950,,,
899,899,24,,,
1348,1348,24,,,
1793,1793,24,,,
2056,2056,24,,,
3243,3243,951,,,
3529,3529,24,,,
3530,3530,808,,,
4545,4545,24,,,
4790,4790,24,,,
5301,5301,24,,,
5793,5793,24,,,
755,755,1288,,,
1201,1201,338,,,
1624,1624,411,,,
1879,1879,297,,,
3105,3105,297,,,
3327,3327,297,,,
4612,4612,297,,,
5134,5134,338,,,
5643,5643,297,,,
839,839,339,,,
1284,1284,298,,,
1719,1719,339,,,
1978,1978,491,,,
1979,1979,242,,,
3181,3181,242,,,
3436,3436,727,,,
3437,3437,242,,,
4488,4488,889,,,
4710,4710,242,,,
5222,5222,298,,,
5729,5729,26,,,
884,884,27,,,
1330,1330,27,,,
1331,1331,952,,,
1775,1775,694,,,
1776,1776,27,,,
2036,2036,27,,,
3229,3229,27,,,
3509,3509,27,,,
4529,4529,27,,,
4772,4772,27,,,
5279,5279,27,,,
5280,5280,952,,,
5777,5777,27,,,
844,844,28,,,
1289,1289,28,,,
1724,1724,28,,,
1985,1985,28,,,
3186,3186,953,,,
3443,3443,28,,,
4493,4493,28,,,
4715,4715,28,,,
5229,5229,28,,,
5734,5734,28,,,
796,796,29,,,
1241,1241,29,,,
1673,1673,29,,,
1927,1927,29,,,
3141,3141,29,,,
3386,3386,29,,,
4456,4456,29,,,
4656,4656,29,,,
5177,5177,29,,,
5686,5686,29,,,
832,832,30,,,
1275,1275,30,,,
1713,1713,30,,,
1970,1970,30,,,
3173,3173,30,,,
3174,3174,705,,,
3175,3175,699,,,
3427,3427,30,,,
4483,4483,30,,,
4703,4703,1372,,,
5214,5214,30,,,
5722,5722,30,,,
827,827,31,,,
1270,1270,1215,,,
1707,1707,31,,,
1963,1963,1215,,,
1964,1964,31,,,
3167,3167,1390,,,
3421,3421,31,,,
4478,4478,1215,,,
4697,4697,31,,,
5209,5209,1215,,,
5717,5717,31,,,
808,808,32,,,
1253,1253,176,,,
1688,1688,32,,,
1689,1689,32,,,
1944,1944,32,,,
3152,3152,32,,,
3401,3401,32,,,
4674,4674,122,,,
4675,4675,32,,,
5191,5191,985,,,
5699,5699,32,,,
826,826,33,,,
1269,1269,279,,,
1706,1706,435,,,
1962,1962,33,,,
3166,3166,33,,,
3420,3420,33,,,
4696,4696,33,,,
5208,5208,990,,,
5716,5716,33,,,
774,774,1291,,,
1218,1218,374,,,
1643,1643,415,,,
1644,1644,340,,,
1897,1897,277,,,
1898,1898,1463,,,
3118,3118,340,,,
3349,3349,1124,,,
3350,3350,374,,,
3351,3351,340,,,
4435,4435,374,,,
4629,4629,374,,,
4630,4630,340,,,
5154,5154,374,,,
5663,5663,374,,,
825,825,1032,,,
1268,1268,299,,,
1705,1705,1063,,,
1961,1961,299,,,
3165,3165,681,,,
3419,3419,299,,,
4695,4695,1063,,,
5207,5207,299,,,
5715,5715,1063,,,
788,788,1299,,,
1232,1232,274,,,
1233,1233,35,,,
1663,1663,35,,,
1915,1915,123,,,
3131,3131,35,,,
3373,3373,720,,,
4448,4448,35,,,
4644,4644,35,,,
5169,5169,35,,,
5676,5676,1041,,,
918,918,1427,,,
1369,1369,815,,,
1813,1813,463,,,
1814,1814,695,,,
2078,2078,815,,,
3264,3264,815,,,
3553,3553,815,,,
3554,3554,695,,,
4563,4563,695,,,
4815,4815,815,,,
4816,4816,695,,,
5322,5322,815,,,
5815,5815,815,,,
944,944,36,,,
1398,1398,36,,,
1846,1846,36,,,
2108,2108,36,,,
3291,3291,36,,,
3584,3584,36,,,
4587,4587,36,,,
4847,4847,36,,,
4848,4848,1216,,,
5356,5356,36,,,
5842,5842,36,,,
751,751,37,,,
1196,1196,954,,,
1620,1620,37,,,
1875,1875,37,,,
3101,3101,37,,,
3321,3321,37,,,
4418,4418,954,,,
4419,4419,37,,,
4607,4607,37,,,
5128,5128,37,,,
5129,5129,954,,,
5639,5639,37,,,
920,920,124,,,
1371,1371,124,,,
1816,1816,124,,,
2080,2080,558,,,
2081,2081,124,,,
3266,3266,124,,,
3556,3556,124,,,
3557,3557,38,,,
4565,4565,124,,,
4819,4819,124,,,
4820,4820,38,,,
5324,5324,341,,,
5325,5325,124,,,
5817,5817,124,,,
797,797,911,,,
1242,1242,911,,,
1674,1674,916,,,
1928,1928,486,,,
1929,1929,911,,,
3142,3142,911,,,
3387,3387,774,,,
3388,3388,722,,,
4457,4457,911,,,
4657,4657,915,,,
5178,5178,911,,,
5687,5687,911,,,
883,883,342,,,
1329,1329,342,,,
1774,1774,342,,,
2035,2035,342,,,
3228,3228,342,,,
3507,3507,342,,,
3508,3508,1089,,,
4528,4528,342,,,
4771,4771,342,,,
5278,5278,342,,,
5776,5776,342,,,
735,735,194,,,
1181,1181,194,,,
1606,1606,194,,,
1863,1863,194,,,
3086,3086,194,,,
3308,3308,194,,,
4405,4405,194,,,
5112,5112,194,,,
5624,5624,194,,,
887,887,343,,,
1335,1335,343,,,
1779,1779,448,,,
2040,2040,300,,,
3512,3512,328,,,
4532,4532,343,,,
4775,4775,343,,,
5284,5284,343,,,
5780,5780,343,,,
736,736,955,,,
1182,1182,229,,,
1607,1607,1090,,,
3087,3087,647,,,
3088,3088,1205,,,
3309,3309,955,,,
5113,5113,978,,,
5114,5114,1076,,,
5625,5625,1205,,,
762,762,956,,,
1207,1207,956,,,
1631,1631,956,,,
1884,1884,956,,,
3109,3109,956,,,
3333,3333,956,,,
4425,4425,956,,,
4618,4618,956,,,
5140,5140,956,,,
5652,5652,956,,,
928,928,244,,,
1379,1379,244,,,
1825,1825,696,,,
2090,2090,561,,,
3274,3274,244,,,
3566,3566,696,,,
4573,4573,908,,,
4829,4829,244,,,
5337,5337,244,,,
5825,5825,244,,,
814,814,1091,,,
1259,1259,1091,,,
1695,1695,41,,,
1952,1952,41,,,
3407,3407,1091,,,
4684,4684,1091,,,
4685,4685,41,,,
5197,5197,1091,,,
5705,5705,1091,,,
829,829,42,,,
1272,1272,42,,,
1709,1709,42,,,
1966,1966,42,,,
3169,3169,42,,,
3423,3423,42,,,
4480,4480,42,,,
4699,4699,42,,,
5211,5211,42,,,
5719,5719,42,,,
943,943,43,,,
1397,1397,43,,,
1845,1845,43,,,
2107,2107,196,,,
3290,3290,697,,,
3583,3583,565,,,
4586,4586,43,,,
4846,4846,196,,,
5355,5355,43,,,
5841,5841,196,,,
940,940,44,,,
1395,1395,44,,,
1843,1843,44,,,
2105,2105,570,,,
3287,3287,44,,,
3288,3288,816,,,
3580,3580,44,,,
4584,4584,909,,,
4844,4844,44,,,
5353,5353,44,,,
5839,5839,44,,,
805,805,523,,,
1250,1250,523,,,
1685,1685,523,,,
1941,1941,523,,,
3149,3149,523,,,
3398,3398,523,,,
4464,4464,523,,,
4670,4670,523,,,
4671,4671,1392,,,
5188,5188,523,,,
5696,5696,523,,,
927,927,45,,,
1378,1378,1092,,,
1824,1824,45,,,
2088,2088,560,,,
2089,2089,45,,,
3273,3273,45,,,
3565,3565,45,,,
4572,4572,1092,,,
4828,4828,45,,,
5335,5335,45,,,
5336,5336,1092,,,
5824,5824,45,,,
783,783,245,,,
1228,1228,245,,,
1657,1657,245,,,
1908,1908,482,,,
3127,3127,245,,,
3364,3364,245,,,
4444,4444,245,,,
4639,4639,245,,,
5165,5165,245,,,
5672,5672,245,,,
835,835,46,,,
1278,1278,46,,,
1716,1716,46,,,
1973,1973,46,,,
3178,3178,46,,,
3430,3430,46,,,
3431,3431,46,,,
4486,4486,46,,,
4706,4706,46,,,
5217,5217,46,,,
5725,5725,46,,,
890,890,47,,,
1338,1338,47,,,
1784,1784,47,,,
2045,2045,246,,,
2046,2046,1465,,,
3234,3234,246,,,
3235,3235,47,,,
3516,3516,1465,,,
3517,3517,451,,,
3518,3518,47,,,
3519,3519,125,,,
4535,4535,47,,,
4780,4780,47,,,
4781,4781,451,,,
5288,5288,47,,,
5783,5783,47,,,
840,840,126,,,
1285,1285,126,,,
1720,1720,126,,,
1980,1980,126,,,
3182,3182,126,,,
3438,3438,126,,,
4489,4489,126,,,
4711,4711,126,,,
5223,5223,126,,,
5224,5224,457,,,
5730,5730,126,,,
811,811,1218,,,
1256,1256,1094,,,
1693,1693,761,,,
1947,1947,761,,,
1948,1948,761,,,
3155,3155,1218,,,
3404,3404,761,,,
4469,4469,1094,,,
4679,4679,761,,,
5194,5194,1094,,,
5702,5702,761,,,
834,834,1010,,,
1277,1277,48,,,
1715,1715,48,,,
1972,1972,489,,,
3177,3177,48,,,
3429,3429,48,,,
4485,4485,48,,,
4705,4705,48,,,
5216,5216,48,,,
5724,5724,1046,,,
885,885,1095,,,
1332,1332,809,,,
1333,1333,957,,,
1777,1777,809,,,
2037,2037,49,,,
3230,3230,49,,,
3510,3510,375,,,
4530,4530,809,,,
4773,4773,809,,,
5281,5281,809,,,
5282,5282,957,,,
5778,5778,809,,,
914,914,50,,,
1364,1364,50,,,
1808,1808,524,,,
1809,1809,50,,,
2074,2074,50,,,
3259,3259,941,,,
3547,3547,524,,,
3548,3548,50,,,
4559,4559,50,,,
4808,4808,524,,,
4809,4809,50,,,
5318,5318,50,,,
5810,5810,50,,,
881,881,1096,,,
1327,1327,1096,,,
1772,1772,1096,,,
2032,2032,1096,,,
3225,3225,709,,,
3505,3505,1096,,,
4526,4526,1096,,,
4769,4769,1096,,,
5276,5276,1096,,,
5774,5774,1096,,,
780,780,1355,,,
1225,1225,247,,,
1652,1652,417,,,
1653,1653,1355,,,
1904,1904,1355,,,
3124,3124,926,,,
3359,3359,1355,,,
4441,4441,247,,,
4636,4636,127,,,
5161,5161,247,,,
5162,5162,197,,,
5669,5669,1355,,,
756,756,1393,,,
1202,1202,1393,,,
1625,1625,876,,,
1626,1626,412,,,
1880,1880,1393,,,
3106,3106,682,,,
3328,3328,1393,,,
4613,4613,1393,,,
5135,5135,1393,,,
5644,5644,1036,,,
919,919,458,,,
1370,1370,539,,,
1815,1815,472,,,
2079,2079,539,,,
3265,3265,458,,,
3555,3555,539,,,
4564,4564,906,,,
4817,4817,458,,,
4818,4818,539,,,
5323,5323,539,,,
5816,5816,539,,,
876,876,399,,,
1321,1321,399,,,
1766,1766,683,,,
1767,1767,1394,,,
2024,2024,548,,,
3220,3220,1394,,,
3498,3498,399,,,
4521,4521,399,,,
4761,4761,52,,,
5269,5269,399,,,
5769,5769,1170,,,
775,775,53,,,
1219,1219,1220,,,
1645,1645,53,,,
1899,1899,53,,,
3119,3119,53,,,
3352,3352,53,,,
4436,4436,1220,,,
4631,4631,53,,,
5155,5155,1220,,,
5664,5664,53,,,
771,771,54,,,
1214,1214,54,,,
1640,1640,54,,,
1893,1893,54,,,
3115,3115,54,,,
3344,3344,54,,,
4432,4432,54,,,
4625,4625,54,,,
4626,4626,914,,,
5148,5148,54,,,
5660,5660,54,,,
734,734,198,,,
1180,1180,228,,,
1604,1604,1352,,,
1605,1605,408,,,
1862,1862,198,,,
3085,3085,301,,,
3306,3306,301,,,
3307,3307,129,,,
4404,4404,1429,,,
4600,4600,248,,,
5111,5111,198,,,
5623,5623,198,,,
917,917,55,,,
1368,1368,55,,,
1812,1812,55,,,
2077,2077,55,,,
3263,3263,55,,,
3552,3552,55,,,
4562,4562,55,,,
4814,4814,55,,,
5321,5321,55,,,
5814,5814,55,,,
776,776,1295,,,
1220,1220,199,,,
1646,1646,927,,,
1647,1647,1395,,,
1900,1900,130,,,
3120,3120,56,,,
3121,3121,836,,,
3353,3353,177,,,
3354,3354,130,,,
3355,3355,1395,,,
4437,4437,130,,,
4632,4632,1395,,,
5156,5156,199,,,
5665,5665,130,,,
740,740,477,,,
1185,1185,1221,,,
1613,1613,1221,,,
3312,3312,1373,,,
5117,5117,1221,,,
5628,5628,1221,,,
778,778,57,,,
1222,1222,57,,,
1223,1223,131,,,
1649,1649,131,,,
1650,1650,57,,,
1902,1902,131,,,
3122,3122,131,,,
3357,3357,131,,,
4439,4439,57,,,
4633,4633,57,,,
4634,4634,131,,,
5158,5158,57,,,
5159,5159,982,,,
5667,5667,57,,,
891,891,58,,,
1339,1339,58,,,
1785,1785,58,,,
2047,2047,58,,,
3236,3236,504,,,
3237,3237,58,,,
3520,3520,58,,,
3521,3521,58,,,
4536,4536,58,,,
4782,4782,58,,,
5289,5289,58,,,
5784,5784,58,,,
807,807,59,,,
1252,1252,59,,,
1687,1687,59,,,
1943,1943,59,,,
3151,3151,59,,,
3400,3400,59,,,
4466,4466,885,,,
4673,4673,59,,,
5190,5190,59,,,
5698,5698,59,,,
841,841,250,,,
1286,1286,250,,,
1721,1721,250,,,
1981,1981,250,,,
3183,3183,250,,,
3439,3439,303,,,
3440,3440,250,,,
4490,4490,250,,,
4712,4712,250,,,
5225,5225,250,,,
5731,5731,250,,,
790,790,749,,,
1235,1235,346,,,
1665,1665,749,,,
1666,1666,60,,,
1917,1917,304,,,
3133,3133,60,,,
3375,3375,864,,,
3376,3376,304,,,
4450,4450,346,,,
4646,4646,60,,,
4647,4647,304,,,
5171,5171,304,,,
5678,5678,304,,,
941,941,958,,,
942,942,958,,,
1396,1396,958,,,
1844,1844,958,,,
3289,3289,1222,,,
3581,3581,712,,,
3582,3582,1222,,,
4585,4585,958,,,
4845,4845,958,,,
5354,5354,958,,,
5840,5840,958,,,
938,938,61,,,
1390,1390,61,,,
1391,1391,988,,,
1392,1392,670,,,
1841,1841,61,,,
2103,2103,61,,,
3285,3285,61,,,
3578,3578,575,,,
4582,4582,670,,,
4842,4842,61,,,
5348,5348,61,,,
5349,5349,670,,,
5837,5837,61,,,
828,828,525,,,
1271,1271,525,,,
1708,1708,525,,,
1965,1965,525,,,
3168,3168,525,,,
3422,3422,525,,,
4479,4479,525,,,
4698,4698,525,,,
5210,5210,525,,,
5718,5718,525,,,
879,879,1396,,,
1325,1325,1396,,,
1770,1770,1396,,,
2029,2029,550,,,
2030,2030,1396,,,
3223,3223,132,,,
3502,3502,1396,,,
4524,4524,902,,,
4766,4766,1396,,,
4767,4767,924,,,
5274,5274,1396,,,
5772,5772,1396,,,
831,831,377,,,
1274,1274,400,,,
1712,1712,305,,,
1968,1968,305,,,
1969,1969,347,,,
3171,3171,347,,,
3172,3172,305,,,
3425,3425,400,,,
3426,3426,305,,,
4482,4482,888,,,
4701,4701,347,,,
4702,4702,305,,,
5213,5213,305,,,
5721,5721,377,,,
815,815,564,,,
1260,1260,1223,,,
1696,1696,1223,,,
1953,1953,1223,,,
3408,3408,540,,,
3409,3409,725,,,
3410,3410,540,,,
4471,4471,887,,,
4686,4686,1223,,,
5198,5198,1223,,,
5706,5706,540,,,
820,820,62,,,
1265,1265,62,,,
1701,1701,62,,,
1958,1958,62,,,
3162,3162,62,,,
3415,3415,62,,,
4475,4475,62,,,
4691,4691,62,,,
5203,5203,62,,,
5711,5711,62,,,
816,816,63,,,
817,817,133,,,
1261,1261,133,,,
1262,1262,1467,,,
1697,1697,63,,,
1698,1698,133,,,
1954,1954,63,,,
1955,1955,133,,,
3159,3159,133,,,
3411,3411,63,,,
3412,3412,133,,,
4472,4472,1467,,,
4687,4687,63,,,
4688,4688,133,,,
5199,5199,133,,,
5200,5200,63,,,
5707,5707,133,,,
5708,5708,63,,,
863,863,348,,,
1307,1307,348,,,
1748,1748,348,,,
2007,2007,348,,,
3206,3206,348,,,
3474,3474,348,,,
4510,4510,348,,,
4738,4738,922,,,
4739,4739,348,,,
5253,5253,348,,,
5754,5754,348,,,
784,784,1397,,,
785,785,134,,,
1229,1229,1397,,,
1658,1658,1397,,,
1909,1909,1397,,,
3128,3128,1397,,,
3365,3365,1397,,,
3366,3366,719,,,
4445,4445,1397,,,
4640,4640,1397,,,
5166,5166,1397,,,
5673,5673,1397,,,
925,925,1323,,,
1376,1376,1398,,,
1822,1822,1323,,,
2086,2086,1323,,,
3562,3562,1323,,,
4570,4570,1323,,,
4826,4826,1323,,,
5332,5332,1323,,,
5822,5822,1323,,,
777,777,64,,,
1221,1221,64,,,
1648,1648,64,,,
1901,1901,64,,,
3356,3356,718,,,
4438,4438,64,,,
5157,5157,64,,,
5666,5666,673,,,
932,932,65,,,
1383,1383,65,,,
1830,1830,65,,,
2096,2096,65,,,
3278,3278,65,,,
3570,3570,65,,,
4577,4577,65,,,
4836,4836,65,,,
5341,5341,65,,,
5829,5829,65,,,
812,812,66,,,
1257,1257,66,,,
1694,1694,66,,,
1949,1949,66,,,
3156,3156,66,,,
3405,3405,66,,,
4470,4470,66,,,
4680,4680,66,,,
5195,5195,66,,,
5703,5703,66,,,
787,787,269,,,
1231,1231,273,,,
1661,1661,136,,,
1662,1662,269,,,
1912,1912,484,,,
3130,3130,1171,,,
3369,3369,762,,,
3370,3370,136,,,
3371,3371,1171,,,
3372,3372,269,,,
4447,4447,269,,,
4642,4642,1171,,,
4643,4643,269,,,
5168,5168,269,,,
5675,5675,1171,,,
794,794,527,,,
1239,1239,527,,,
1671,1671,527,,,
1923,1923,527,,,
3138,3138,527,,,
3383,3383,527,,,
4454,4454,527,,,
4653,4653,527,,,
5175,5175,527,,,
5683,5683,527,,,
837,837,1353,,,
1280,1280,635,,,
3179,3179,700,,,
3433,3433,726,,,
5219,5219,635,,,
5727,5727,1047,,,
833,833,67,,,
1276,1276,959,,,
1714,1714,959,,,
1971,1971,67,,,
3176,3176,67,,,
3428,3428,67,,,
4484,4484,959,,,
4704,4704,959,,,
5215,5215,992,,,
5723,5723,1045,,,
810,810,68,,,
1255,1255,68,,,
1692,1692,68,,,
1946,1946,68,,,
3154,3154,68,,,
3403,3403,68,,,
4468,4468,68,,,
4678,4678,68,,,
5193,5193,68,,,
5701,5701,68,,,
865,865,69,,,
1309,1309,69,,,
1751,1751,444,,,
2009,2009,69,,,
3209,3209,69,,,
3476,3476,69,,,
4743,4743,69,,,
5257,5257,69,,,
5756,5756,69,,,
821,821,70,,,
1266,1266,674,,,
1702,1702,811,,,
1959,1959,70,,,
3163,3163,70,,,
3416,3416,775,,,
3417,3417,70,,,
4476,4476,674,,,
4692,4692,70,,,
4693,4693,70,,,
5204,5204,70,,,
5205,5205,674,,,
5712,5712,70,,,
838,838,180,,,
1281,1281,282,,,
1282,1282,309,,,
1283,1283,137,,,
1718,1718,309,,,
1975,1975,490,,,
1976,1976,137,,,
1977,1977,309,,,
3180,3180,332,,,
3434,3434,137,,,
3435,3435,309,,,
4708,4708,137,,,
4709,4709,309,,,
5220,5220,137,,,
5221,5221,332,,,
5728,5728,137,,,
757,757,1289,,,
758,758,71,,,
1203,1203,267,,,
1627,1627,413,,,
3329,3329,71,,,
4614,4614,1468,,,
5136,5136,979,,,
5645,5645,71,,,
5646,5646,1037,,,
882,882,1031,,,
1328,1328,138,,,
1773,1773,72,,,
2033,2033,551,,,
2034,2034,72,,,
3226,3226,72,,,
3227,3227,201,,,
3506,3506,72,,,
4527,4527,903,,,
4770,4770,72,,,
5277,5277,138,,,
5775,5775,72,,,
743,743,73,,,
744,744,1469,,,
1188,1188,73,,,
1189,1189,1469,,,
1616,1616,1469,,,
1869,1869,1254,,,
1870,1870,73,,,
3093,3093,1469,,,
3094,3094,73,,,
3315,3315,73,,,
4410,4410,73,,,
4411,4411,1469,,,
5120,5120,73,,,
5121,5121,1469,,,
5631,5631,73,,,
5632,5632,1469,,,
781,781,675,,,
1226,1226,784,,,
1655,1655,675,,,
1906,1906,675,,,
3125,3125,675,,,
3360,3360,675,,,
4442,4442,784,,,
4637,4637,139,,,
5163,5163,139,,,
5670,5670,675,,,
782,782,960,,,
1227,1227,960,,,
1656,1656,960,,,
1907,1907,481,,,
3126,3126,723,,,
3361,3361,960,,,
3362,3362,460,,,
3363,3363,1077,,,
4443,4443,960,,,
4638,4638,960,,,
5164,5164,960,,,
5671,5671,960,,,
759,759,1224,,,
1204,1204,268,,,
1628,1628,75,,,
1881,1881,1224,,,
3107,3107,1224,,,
3330,3330,1224,,,
4615,4615,913,,,
5137,5137,980,,,
5647,5647,75,,,
5648,5648,1038,,,
752,752,76,,,
1197,1197,76,,,
1621,1621,76,,,
1876,1876,76,,,
3102,3102,76,,,
3322,3322,76,,,
4420,4420,76,,,
4608,4608,76,,,
5130,5130,76,,,
5640,5640,76,,,
806,806,349,,,
1251,1251,349,,,
1686,1686,349,,,
1942,1942,349,,,
3150,3150,763,,,
3399,3399,349,,,
4465,4465,349,,,
4672,4672,349,,,
5189,5189,349,,,
5697,5697,349,,,
903,903,1225,,,
1352,1352,350,,,
1797,1797,1225,,,
2062,2062,77,,,
3248,3248,1324,,,
3534,3534,1225,,,
4796,4796,77,,,
5305,5305,350,,,
5306,5306,77,,,
5797,5797,1225,,,
802,802,1098,,,
803,803,1078,,,
1247,1247,1098,,,
1248,1248,1400,,,
1681,1681,1098,,,
1937,1937,1098,,,
1938,1938,1472,,,
3147,3147,1325,,,
3396,3396,1098,,,
4462,4462,1098,,,
4664,4664,1098,,,
4665,4665,1226,,,
4666,4666,1400,,,
4667,4667,1325,,,
5185,5185,1098,,,
5186,5186,1400,,,
5693,5693,1226,,,
5694,5694,1098,,,
916,916,203,,,
1367,1367,1401,,,
1811,1811,203,,,
2076,2076,557,,,
3262,3262,78,,,
3550,3550,203,,,
3551,3551,78,,,
4561,4561,1401,,,
4812,4812,78,,,
4813,4813,140,,,
5320,5320,1401,,,
5812,5812,203,,,
5813,5813,1401,,,
795,795,1326,,,
1240,1240,1227,,,
1672,1672,1099,,,
1924,1924,1125,,,
1925,1925,1099,,,
1926,1926,1326,,,
3139,3139,1099,,,
3140,3140,1227,,,
3384,3384,676,,,
3385,3385,1099,,,
4455,4455,1227,,,
4654,4654,1227,,,
4655,4655,1326,,,
5176,5176,983,,,
5684,5684,1227,,,
5685,5685,1125,,,
853,853,1228,,,
1297,1297,1228,,,
1734,1734,438,,,
1735,1735,1228,,,
1996,1996,1228,,,
3195,3195,1327,,,
3459,3459,1228,,,
4728,4728,1228,,,
5240,5240,1228,,,
5742,5742,1050,,,
906,906,1425,,,
1356,1356,1328,,,
1800,1800,79,,,
2065,2065,79,,,
3251,3251,79,,,
4551,4551,1229,,,
4799,4799,1328,,,
5310,5310,1328,,,
5800,5800,79,,,
859,859,80,,,
1303,1303,1100,,,
1744,1744,141,,,
3202,3202,80,,,
3469,3469,141,,,
4506,4506,897,,,
4734,4734,921,,,
5248,5248,1100,,,
5749,5749,141,,,
5750,5750,1054,,,
765,765,1101,,,
1209,1209,880,,,
1634,1634,528,,,
1886,1886,1101,,,
3111,3111,707,,,
3336,3336,1101,,,
4427,4427,1101,,,
4621,4621,707,,,
5142,5142,1101,,,
5655,5655,1101,,,
937,937,81,,,
1389,1389,81,,,
1840,1840,468,,,
2102,2102,881,,,
3284,3284,81,,,
3576,3576,81,,,
3577,3577,743,,,
4581,4581,81,,,
4841,4841,81,,,
5346,5346,81,,,
5347,5347,81,,,
5836,5836,81,,,
905,905,142,,,
1354,1354,142,,,
1355,1355,1404,,,
1799,1799,1404,,,
2064,2064,1404,,,
3250,3250,142,,,
3536,3536,1404,,,
3537,3537,142,,,
4550,4550,1404,,,
4798,4798,142,,,
5308,5308,142,,,
5309,5309,1404,,,
5799,5799,1060,,,
733,733,1330,,,
1179,1179,1405,,,
1603,1603,1330,,,
1861,1861,1330,,,
3084,3084,1330,,,
3305,3305,1330,,,
4403,4403,1405,,,
5110,5110,1405,,,
5622,5622,1035,,,
910,910,82,,,
1360,1360,82,,,
1804,1804,82,,,
2070,2070,556,,,
3255,3255,82,,,
3542,3542,776,,,
3543,3543,82,,,
4555,4555,1255,,,
4804,4804,82,,,
5314,5314,1255,,,
5805,5805,82,,,
5806,5806,776,,,
866,866,83,,,
1310,1310,255,,,
1752,1752,445,,,
1753,1753,311,,,
1754,1754,83,,,
1755,1755,1011,,,
2010,2010,544,,,
2011,2011,83,,,
3210,3210,401,,,
3477,3477,83,,,
3478,3478,1406,,,
3479,3479,143,,,
4512,4512,255,,,
4744,4744,1406,,,
4745,4745,143,,,
5258,5258,255,,,
5757,5757,1011,,,
5758,5758,1406,,,
869,869,84,,,
1313,1313,677,,,
1759,1759,84,,,
2015,2015,84,,,
3213,3213,84,,,
3482,3482,733,,,
3483,3483,84,,,
4515,4515,84,,,
4748,4748,677,,,
4749,4749,84,,,
5261,5261,84,,,
5761,5761,84,,,
854,854,85,,,
1298,1298,85,,,
1736,1736,509,,,
1737,1737,85,,,
1997,1997,494,,,
1998,1998,85,,,
3196,3196,85,,,
3460,3460,85,,,
4501,4501,427,,,
4729,4729,85,,,
5241,5241,995,,,
5242,5242,85,,,
5743,5743,85,,,
894,894,1230,,,
1342,1342,636,,,
1343,1343,1230,,,
1788,1788,1230,,,
2050,2050,1230,,,
3524,3524,1230,,,
4540,4540,1230,,,
4785,4785,1230,,,
5293,5293,1230,,,
5294,5294,1230,,,
5787,5787,1230,,,
5788,5788,1230,,,
904,904,86,,,
1353,1353,86,,,
1798,1798,86,,,
2063,2063,86,,,
3249,3249,86,,,
3535,3535,86,,,
4549,4549,86,,,
4797,4797,86,,,
5307,5307,86,,,
5798,5798,86,,,
907,907,87,,,
1357,1357,87,,,
1801,1801,87,,,
2066,2066,87,,,
3252,3252,87,,,
3539,3539,87,,,
4552,4552,87,,,
4800,4800,87,,,
5311,5311,87,,,
5801,5801,87,,,
849,849,144,,,
1293,1293,312,,,
1730,1730,882,,,
1731,1731,312,,,
1989,1989,312,,,
1991,1991,256,,,
3190,3190,882,,,
3448,3448,730,,,
3449,3449,1365,,,
3450,3450,312,,,
3451,3451,882,,,
3452,3452,204,,,
3453,3453,144,,,
4497,4497,312,,,
4719,4719,312,,,
4720,4720,882,,,
4721,4721,256,,,
4722,4722,144,,,
5233,5233,312,,,
5234,5234,288,,,
5738,5738,1048,,,
922,922,88,,,
1373,1373,1331,,,
1818,1818,88,,,
1819,1819,1331,,,
2083,2083,88,,,
3268,3268,88,,,
3559,3559,88,,,
4567,4567,1331,,,
4822,4822,88,,,
5327,5327,1005,,,
5328,5328,88,,,
5329,5329,1331,,,
5819,5819,88,,,
818,818,145,,,
1263,1263,145,,,
1699,1699,145,,,
1956,1956,145,,,
3160,3160,402,,,
3413,3413,145,,,
4473,4473,145,,,
4689,4689,145,,,
5201,5201,145,,,
5709,5709,145,,,
842,842,205,,,
1287,1287,205,,,
1722,1722,205,,,
1982,1982,205,,,
3184,3184,205,,,
3441,3441,728,,,
4491,4491,205,,,
4713,4713,205,,,
5226,5226,993,,,
5227,5227,205,,,
5732,5732,205,,,
858,858,89,,,
1302,1302,89,,,
1742,1742,442,,,
1743,1743,89,,,
2003,2003,89,,,
3200,3200,89,,,
3201,3201,1231,,,
3468,3468,89,,,
4505,4505,89,,,
4733,4733,89,,,
5247,5247,89,,,
5747,5747,89,,,
5748,5748,1053,,,
900,900,90,,,
1349,1349,90,,,
1794,1794,90,,,
2057,2057,90,,,
3244,3244,90,,,
3531,3531,90,,,
4546,4546,90,,,
4791,4791,90,,,
5302,5302,90,,,
5794,5794,90,,,
766,766,91,,,
1210,1210,91,,,
1635,1635,414,,,
1887,1887,91,,,
3337,3337,716,,,
4428,4428,91,,,
4622,4622,91,,,
5143,5143,91,,,
5656,5656,91,,,
872,872,1232,,,
1316,1316,1408,,,
1762,1762,206,,,
2018,2018,146,,,
2019,2019,1232,,,
2020,2020,1103,,,
3216,3216,146,,,
3489,3489,146,,,
3490,3490,734,,,
3491,3491,1332,,,
3492,3492,1232,,,
4517,4517,1103,,,
4753,4753,1332,,,
4754,4754,146,,,
4755,4755,1232,,,
4756,4756,1103,,,
5265,5265,1408,,,
5764,5764,1332,,,
5765,5765,258,,,
855,855,1361,,,
1299,1299,207,,,
1738,1738,439,,,
1739,1739,259,,,
1999,1999,1012,,,
3197,3197,1019,,,
3461,3461,1012,,,
3462,3462,731,,,
4502,4502,896,,,
4730,4730,353,,,
5243,5243,207,,,
5744,5744,1051,,,
875,875,1104,,,
1320,1320,1233,,,
1765,1765,447,,,
2023,2023,547,,,
3219,3219,708,,,
3497,3497,736,,,
4520,4520,1233,,,
4760,4760,1233,,,
5268,5268,1233,,,
5768,5768,1104,,,
870,870,1409,,,
1314,1314,147,,,
1760,1760,1349,,,
2016,2016,1349,,,
3214,3214,1334,,,
3484,3484,1348,,,
3485,3485,649,,,
3486,3486,530,,,
4750,4750,1409,,,
4751,4751,147,,,
5262,5262,1334,,,
5263,5263,530,,,
5762,5762,530,,,
924,924,989,,,
1375,1375,260,,,
1821,1821,464,,,
2085,2085,260,,,
3270,3270,711,,,
3271,3271,315,,,
3561,3561,741,,,
4569,4569,260,,,
4824,4824,92,,,
4825,4825,260,,,
5331,5331,260,,,
5821,5821,260,,,
911,911,1234,,,
1361,1361,1234,,,
1805,1805,1234,,,
2071,2071,1234,,,
3256,3256,1234,,,
3544,3544,1234,,,
4556,4556,1234,,,
4805,4805,1234,,,
5315,5315,1234,,,
5807,5807,1234,,,
895,895,1235,,,
1344,1344,1235,,,
1789,1789,1105,,,
2051,2051,553,,,
3240,3240,1105,,,
3525,3525,1105,,,
4541,4541,1350,,,
4786,4786,1235,,,
5295,5295,1000,,,
5296,5296,567,,,
5297,5297,1350,,,
5789,5789,1105,,,
868,868,1106,,,
1312,1312,1106,,,
1758,1758,1106,,,
2014,2014,1106,,,
3212,3212,1106,,,
3481,3481,753,,,
4514,4514,1474,,,
4747,4747,1106,,,
5260,5260,1106,,,
5760,5760,1106,,,
852,852,1335,,,
1296,1296,1335,,,
1733,1733,1410,,,
1995,1995,493,,,
3193,3193,148,,,
3194,3194,1410,,,
3457,3457,758,,,
3458,3458,754,,,
4500,4500,846,,,
4727,4727,754,,,
5238,5238,1335,,,
5239,5239,846,,,
5741,5741,94,,,
860,860,812,,,
1304,1304,531,,,
1745,1745,443,,,
2004,2004,531,,,
3203,3203,812,,,
3470,3470,531,,,
4507,4507,531,,,
4735,4735,531,,,
5249,5249,531,,,
5751,5751,531,,,
851,851,532,,,
1295,1295,284,,,
1994,1994,532,,,
3192,3192,532,,,
3456,3456,532,,,
4499,4499,891,,,
4726,4726,532,,,
5236,5236,994,,,
5237,5237,532,,,
5740,5740,532,,,
880,880,208,,,
1326,1326,261,,,
1771,1771,867,,,
2031,2031,867,,,
3224,3224,1110,,,
3503,3503,739,,,
3504,3504,261,,,
4525,4525,261,,,
4768,4768,261,,,
5275,5275,261,,,
5773,5773,208,,,
867,867,1411,,,
1311,1311,1411,,,
1756,1756,1411,,,
1757,1757,1079,,,
2012,2012,545,,,
3211,3211,1411,,,
3480,3480,714,,,
4513,4513,1168,,,
4746,4746,1411,,,
5259,5259,1411,,,
5759,5759,1055,,,
898,898,95,,,
1347,1347,95,,,
1792,1792,95,,,
2055,2055,167,,,
3242,3242,95,,,
3528,3528,95,,,
4544,4544,95,,,
4789,4789,95,,,
5300,5300,167,,,
5792,5792,95,,,
877,877,316,,,
1322,1322,403,,,
1323,1323,356,,,
1768,1768,316,,,
2025,2025,316,,,
3221,3221,316,,,
3499,3499,316,,,
4522,4522,403,,,
4762,4762,316,,,
5270,5270,964,,,
5271,5271,403,,,
5272,5272,356,,,
5770,5770,1057,,,
874,874,96,,,
1319,1319,678,,,
3495,3495,431,,,
3496,3496,735,,,
4519,4519,678,,,
4759,4759,96,,,
5267,5267,678,,,
5767,5767,96,,,
893,893,404,,,
1341,1341,432,,,
1787,1787,404,,,
2049,2049,404,,,
3239,3239,404,,,
3523,3523,404,,,
4539,4539,404,,,
4784,4784,404,,,
5291,5291,404,,,
5292,5292,432,,,
5786,5786,404,,,
896,896,150,,,
1345,1345,325,,,
1790,1790,150,,,
2052,2052,150,,,
3241,3241,150,,,
3526,3526,150,,,
4542,4542,905,,,
4787,4787,150,,,
5298,5298,150,,,
5790,5790,150,,,
915,915,1412,,,
1365,1365,1412,,,
1366,1366,151,,,
1810,1810,1412,,,
2075,2075,1412,,,
3260,3260,1412,,,
3261,3261,910,,,
3549,3549,1412,,,
4560,4560,151,,,
4810,4810,1412,,,
5319,5319,151,,,
5811,5811,1412,,,
908,908,478,,,
1358,1358,478,,,
1802,1802,357,,,
2067,2067,555,,,
2068,2068,357,,,
3253,3253,461,,,
3540,3540,478,,,
4553,4553,478,,,
4801,4801,478,,,
4802,4802,357,,,
5312,5312,478,,,
5802,5802,478,,,
5803,5803,382,,,
864,864,813,,,
1308,1308,813,,,
1749,1749,1236,,,
1750,1750,965,,,
2008,2008,543,,,
3207,3207,813,,,
3208,3208,965,,,
3475,3475,732,,,
4511,4511,900,,,
4740,4740,813,,,
4741,4741,923,,,
5254,5254,997,,,
5255,5255,965,,,
5256,5256,813,,,
5755,5755,813,,,
856,856,1362,,,
1300,1300,966,,,
1740,1740,441,,,
2000,2000,966,,,
3198,3198,358,,,
3463,3463,152,,,
3464,3464,1413,,,
3465,3465,1337,,,
4503,4503,152,,,
4731,4731,233,,,
5244,5244,966,,,
5245,5245,209,,,
5745,5745,1052,,,
873,873,1185,,,
1318,1318,1414,,,
1763,1763,1185,,,
1764,1764,98,,,
2021,2021,546,,,
2022,2022,98,,,
3217,3217,98,,,
3218,3218,1185,,,
3494,3494,98,,,
4518,4518,901,,,
4757,4757,98,,,
4758,4758,1185,,,
5266,5266,1414,,,
5766,5766,1056,,,
892,892,533,,,
1340,1340,324,,,
1786,1786,533,,,
2048,2048,533,,,
3238,3238,533,,,
3522,3522,533,,,
4537,4537,904,,,
4538,4538,533,,,
4783,4783,533,,,
5290,5290,533,,,
5785,5785,533,,,
871,871,1081,,,
1315,1315,1237,,,
1761,1761,446,,,
2017,2017,1107,,,
3215,3215,1237,,,
3487,3487,1107,,,
3488,3488,967,,,
4516,4516,1237,,,
4752,4752,1237,,,
5264,5264,1237,,,
5763,5763,967,,,
902,902,1415,,,
1351,1351,1415,,,
1796,1796,1238,,,
2059,2059,1238,,,
2060,2060,1338,,,
3246,3246,263,,,
3247,3247,1338,,,
3533,3533,1238,,,
4548,4548,1415,,,
4793,4793,1238,,,
4794,4794,234,,,
4795,4795,1338,,,
5304,5304,1415,,,
5796,5796,1238,,,
857,857,596,,,
1301,1301,1108,,,
1741,1741,1239,,,
2002,2002,541,,,
3199,3199,1239,,,
3466,3466,155,,,
3467,3467,968,,,
4504,4504,685,,,
4732,4732,1108,,,
5246,5246,1108,,,
5746,5746,155,,,
935,935,969,,,
1387,1387,969,,,
1837,1837,969,,,
2100,2100,969,,,
3282,3282,969,,,
3574,3574,969,,,
4579,4579,969,,,
4839,4839,969,,,
5344,5344,969,,,
5833,5833,969,,,
923,923,1430,,,
1374,1374,1240,,,
1820,1820,1240,,,
2084,2084,1378,,,
3269,3269,710,,,
3560,3560,1240,,,
4568,4568,907,,,
4823,4823,1339,,,
5330,5330,1240,,,
5820,5820,1240,,,
850,850,1360,,,
1294,1294,156,,,
1732,1732,777,,,
1992,1992,492,,,
1993,1993,1417,,,
3191,3191,264,,,
3454,3454,156,,,
3455,3455,1417,,,
4498,4498,156,,,
4723,4723,184,,,
4724,4724,1417,,,
4725,4725,212,,,
5235,5235,156,,,
5739,5739,1049,,,
878,878,868,,,
1324,1324,1432,,,
1769,1769,213,,,
2026,2026,549,,,
2027,2027,319,,,
2028,2028,359,,,
3222,3222,213,,,
3500,3500,319,,,
3501,3501,265,,,
4523,4523,1432,,,
4763,4763,213,,,
4764,4764,359,,,
4765,4765,265,,,
5273,5273,998,,,
5771,5771,265,,,
936,936,385,,,
1388,1388,157,,,
1838,1838,1424,,,
1839,1839,467,,,
2101,2101,569,,,
3283,3283,385,,,
3575,3575,1424,,,
4580,4580,1424,,,
4840,4840,385,,,
5345,5345,157,,,
5834,5834,385,,,
5835,5835,1424,,,
909,909,1340,,,
1359,1359,686,,,
1803,1803,1340,,,
2069,2069,1340,,,
3254,3254,1340,,,
3541,3541,1340,,,
4554,4554,686,,,
4803,4803,1340,,,
5313,5313,1340,,,
5804,5804,1340,,,
939,939,1109,,,
1393,1393,326,,,
1394,1394,1109,,,
1842,1842,1109,,,
2104,2104,1109,,,
3286,3286,1109,,,
3579,3579,1109,,,
4583,4583,1109,,,
4843,4843,1109,,,
5350,5350,1109,,,
5351,5351,1007,,,
5352,5352,535,,,
5838,5838,1109,,,
861,861,1013,,,
1305,1305,321,,,
1746,1746,158,,,
2005,2005,158,,,
3204,3204,617,,,
3471,3471,158,,,
4508,4508,898,,,
4736,4736,158,,,
5250,5250,996,,,
5752,5752,158,,,
897,897,479,,,
1346,1346,479,,,
1791,1791,479,,,
2053,2053,479,,,
2054,2054,554,,,
3527,3527,479,,,
4543,4543,479,,,
4788,4788,479,,,
5299,5299,479,,,
5791,5791,479,,,
912,912,386,,,
1362,1362,386,,,
1806,1806,386,,,
2072,2072,386,,,
3257,3257,386,,,
3545,3545,386,,,
4557,4557,386,,,
4806,4806,386,,,
5316,5316,386,,,
5808,5808,386,,,
913,913,101,,,
1363,1363,101,,,
1807,1807,101,,,
2073,2073,101,,,
3258,3258,101,,,
3546,3546,101,,,
4558,4558,101,,,
4807,4807,101,,,
5317,5317,101,,,
5809,5809,101,,,
801,801,102,,,
1246,1246,102,,,
1679,1679,102,,,
1680,1680,102,,,
1936,1936,102,,,
3146,3146,102,,,
3395,3395,102,,,
4461,4461,1341,,,
4663,4663,102,,,
5183,5183,1341,,,
5184,5184,102,,,
5691,5691,1341,,,
5692,5692,102,,,
819,819,536,,,
1264,1264,919,,,
1700,1700,536,,,
1957,1957,536,,,
3161,3161,536,,,
3414,3414,536,,,
4474,4474,919,,,
4690,4690,536,,,
5202,5202,536,,,
5710,5710,536,,,
747,747,537,,,
748,748,537,,,
749,749,103,,,
750,750,103,,,
1192,1192,537,,,
1193,1193,537,,,
1194,1194,103,,,
1195,1195,103,,,
1618,1618,103,,,
1619,1619,537,,,
1874,1874,103,,,
3097,3097,103,,,
3098,3098,537,,,
3099,3099,103,,,
3100,3100,537,,,
3317,3317,103,,,
3318,3318,537,,,
3319,3319,537,,,
3320,3320,103,,,
4414,4414,537,,,
4415,4415,537,,,
4416,4416,103,,,
4417,4417,103,,,
4606,4606,103,,,
5124,5124,537,,,
5125,5125,537,,,
5126,5126,103,,,
5127,5127,103,,,
5635,5635,537,,,
5636,5636,537,,,
5637,5637,103,,,
5638,5638,103,,,
798,798,159,,,
1243,1243,1418,,,
1675,1675,237,,,
1676,1676,1418,,,
1930,1930,487,,,
1931,1931,159,,,
1932,1932,1418,,,
3143,3143,216,,,
3389,3389,1345,,,
4458,4458,159,,,
4658,4658,1418,,,
5179,5179,159,,,
5180,5180,1418,,,
5688,5688,764,,,
742,742,104,,,
1187,1187,104,,,
1615,1615,104,,,
1868,1868,104,,,
3092,3092,104,,,
3314,3314,104,,,
4409,4409,104,,,
4603,4603,104,,,
5119,5119,104,,,
5630,5630,104,,,
767,767,970,,,
1211,1211,970,,,
1636,1636,970,,,
1888,1888,970,,,
3112,3112,970,,,
3339,3339,970,,,
4429,4429,970,,,
5144,5144,970,,,
5657,5657,970,,,
754,754,679,,,
1200,1200,679,,,
1623,1623,679,,,
1878,1878,679,,,
3104,3104,679,,,
3326,3326,679,,,
4422,4422,679,,,
4611,4611,679,,,
5133,5133,679,,,
5642,5642,679,,,
791,791,1304,,,
1236,1236,275,,,
1667,1667,1342,,,
1918,1918,1342,,,
3134,3134,1342,,,
3377,3377,920,,,
3378,3378,1419,,,
3379,3379,1342,,,
4451,4451,884,,,
4648,4648,1342,,,
5172,5172,1342,,,
5679,5679,1419,,,
5680,5680,1342,,,
741,741,106,,,
1186,1186,106,,,
1614,1614,106,,,
1866,1866,106,,,
3091,3091,106,,,
3313,3313,106,,,
4408,4408,106,,,
4602,4602,106,,,
5118,5118,106,,,
5629,5629,106,,,
779,779,1296,,,
1224,1224,1243,,,
1651,1651,416,,,
1903,1903,480,,,
3123,3123,931,,,
3358,3358,568,,,
4440,4440,883,,,
4635,4635,931,,,
5160,5160,1243,,,
5668,5668,568,,,
886,886,971,,,
1334,1334,971,,,
1778,1778,1083,,,
2038,2038,971,,,
2039,2039,1379,,,
3511,3511,971,,,
4531,4531,971,,,
4774,4774,925,,,
5283,5283,971,,,
5779,5779,971,,,
804,804,161,,,
1249,1249,108,,,
1682,1682,161,,,
1683,1683,1476,,,
1684,1684,108,,,
1939,1939,108,,,
1940,1940,161,,,
3148,3148,108,,,
3397,3397,108,,,
4463,4463,108,,,
4669,4669,108,,,
5187,5187,108,,,
5695,5695,108,,,
843,843,1421,,,
1288,1288,1421,,,
1723,1723,436,,,
1983,1983,1421,,,
1984,1984,109,,,
3185,3185,109,,,
3442,3442,109,,,
4492,4492,890,,,
4714,4714,1421,,,
5228,5228,1421,,,
5733,5733,109,,,
889,889,110,,,
1337,1337,110,,,
1781,1781,1441,,,
1783,1783,110,,,
2043,2043,110,,,
2044,2044,110,,,
3232,3232,110,,,
3233,3233,110,,,
3514,3514,110,,,
3515,3515,110,,,
4534,4534,110,,,
4778,4778,110,,,
4779,4779,110,,,
5287,5287,110,,,
5782,5782,110,,,
813,813,406,,,
1258,1258,387,,,
1950,1950,360,,,
1951,1951,387,,,
3157,3157,360,,,
3406,3406,360,,,
4681,4681,360,,,
4683,4683,406,,,
5196,5196,387,,,
5704,5704,387,,,
836,836,1244,,,
1279,1279,1244,,,
1717,1717,320,,,
1974,1974,1244,,,
3432,3432,1244,,,
4487,4487,1244,,,
4707,4707,1244,,,
5218,5218,1244,,,
5726,5726,1244,,,
768,768,112,,,
1212,1212,1245,,,
1637,1637,112,,,
1638,1638,1245,,,
1889,1889,471,,,
1890,1890,112,,,
3113,3113,112,,,
3340,3340,650,,,
3341,3341,112,,,
4430,4430,1245,,,
4623,4623,112,,,
5145,5145,1245,,,
5658,5658,1245,,,
789,789,1300,,,
1234,1234,162,,,
1664,1664,419,,,
1916,1916,485,,,
3132,3132,218,,,
3374,3374,721,,,
4449,4449,162,,,
4645,4645,162,,,
5170,5170,162,,,
5677,5677,162,,,
745,745,407,,,
746,746,1477,,,
1190,1190,407,,,
1191,1191,1477,,,
1617,1617,1477,,,
1871,1871,470,,,
1872,1872,407,,,
1873,1873,1477,,,
3095,3095,407,,,
3096,3096,1477,,,
3316,3316,407,,,
4412,4412,407,,,
4413,4413,1477,,,
4604,4604,407,,,
4605,4605,1477,,,
5122,5122,407,,,
5123,5123,1477,,,
5633,5633,407,,,
5634,5634,1477,,,
